drug,conc,condition,dil,cells_fov,iso_fov,cv_fov,coverage,frac_touch,frac_suspect,frac_in_clus3,dil_f,fov_needed,iso_rel,best
EMB,0.25xMIC,EMB 0.25xMIC,20,212.875,154.375,0.165835660440201,1.66860967874527,0.274809160305344,0.118907809747504,0.0598943041691133,1:20,4,1,TRUE
EMB,0.25xMIC,EMB 0.25xMIC,50,180.875,124.375,0.163021078426222,1.45310908555984,0.312370421561852,0.136834830684174,0.0566689702833449,1:50,5,0.805668016194332,FALSE
EMB,0.25xMIC,EMB 0.25xMIC,100,83.3125,62.625,0.341012518099636,0.686964392662048,0.248312078019505,0.157539384846212,0.04576144036009,1:100,8,0.405668016194332,FALSE
EMB,0.25xMIC,EMB 0.25xMIC,150,59.5,45.3125,0.417492884201201,0.483240187168121,0.238445378151261,0.133403361344538,0.0451680672268908,1:150,12,0.293522267206478,FALSE
EMB,0.25xMIC,EMB 0.25xMIC,200,45.8125,37.25,0.482871252984774,0.404280424118042,0.186903137789905,0.159618008185539,0.0259208731241473,1:200,14,0.241295546558704,FALSE
EMB,0.5xMIC,EMB 0.5xMIC,20,174.625,120.75,0.171323614886015,1.4980673789978,0.308518253400143,0.154974946313529,0.0880458124552613,1:20,5,1,TRUE
EMB,0.5xMIC,EMB 0.5xMIC,50,117.9375,80.3125,0.249625983070202,1.02851837873459,0.319024907260201,0.169581346051934,0.0837307896131425,1:50,7,0.665113871635611,FALSE
EMB,0.5xMIC,EMB 0.5xMIC,100,81.875,57.25,0.341573726121083,0.697378814220429,0.300763358778626,0.174045801526718,0.0519083969465649,1:100,9,0.474120082815735,FALSE
EMB,0.5xMIC,EMB 0.5xMIC,150,63.9375,43.3125,0.197379076792773,0.548788905143738,0.32258064516129,0.159335288367546,0.0430107526881721,1:150,12,0.358695652173913,FALSE
EMB,0.5xMIC,EMB 0.5xMIC,200,46.875,35.3125,0.502783717583084,0.411614775657654,0.246666666666667,0.116,0.02,1:200,15,0.292443064182195,FALSE
EMB,1xMIC,EMB 1xMIC,20,67.75,45.625,0.222905922702917,0.706551969051361,0.326568265682657,0.179889298892989,0.0498154981549816,1:20,11,0.714985308521058,FALSE
EMB,1xMIC,EMB 1xMIC,50,108,63.8125,0.190599852078259,0.989219546318054,0.409143518518519,0.168402777777778,0.0850694444444445,1:50,8,1,TRUE
EMB,1xMIC,EMB 1xMIC,100,57.5625,34.6875,0.224363884855034,0.52812397480011,0.397394136807818,0.154180238870793,0.0738327904451683,1:100,15,0.5435847208619,FALSE
EMB,1xMIC,EMB 1xMIC,150,45.0625,28.4375,0.434367502175137,0.381219387054443,0.368932038834951,0.108183079056865,0.0554785020804438,1:150,18,0.44564152791381,FALSE
EMB,1xMIC,EMB 1xMIC,200,34.6875,26.9375,0.516319817285071,0.309902429580689,0.223423423423423,0.147747747747748,0.0324324324324324,1:200,19,0.422135161606268,FALSE
INH,0.25xMIC,INH 0.25xMIC,20,86.25,76.25,0.440264316299833,0.7444828748703,0.115942028985507,0.115942028985507,0.0130434782608696,1:20,7,1,TRUE
INH,0.25xMIC,INH 0.25xMIC,50,76.6875,63.1875,0.223015609616163,0.672984123229981,0.176039119804401,0.127139364303179,0.019559902200489,1:50,8,0.828688524590164,FALSE
INH,0.25xMIC,INH 0.25xMIC,100,54.75,42.875,0.270047993837826,0.45618861913681,0.21689497716895,0.116438356164384,0.0136986301369863,1:100,12,0.562295081967213,FALSE
INH,0.25xMIC,INH 0.25xMIC,150,51.9375,35.4375,0.178618294250585,0.44318288564682,0.317689530685921,0.113116726835138,0.0409145607701564,1:150,15,0.464754098360656,FALSE
INH,0.25xMIC,INH 0.25xMIC,200,51.8125,34.6875,0.159188990119619,0.442132353782654,0.330518697225573,0.129071170084439,0.0458383594692401,1:200,15,0.454918032786885,FALSE
INH,0.5xMIC,INH 0.5xMIC,20,280.0625,172.625,0.272154492040715,2.30372250080109,0.383619727739344,0.106449453247043,0.109127426913635,1:20,3,1,TRUE
INH,0.5xMIC,INH 0.5xMIC,50,135.8125,81.9375,0.387434133381728,1.1236310005188,0.396686608375518,0.124252185918086,0.0984813621721123,1:50,7,0.47465604634323,FALSE
INH,0.5xMIC,INH 0.5xMIC,100,61.375,40.1875,0.248091591435184,0.528845191001892,0.345213849287169,0.108961303462322,0.0580448065173116,1:100,13,0.232802317161477,FALSE
INH,0.5xMIC,INH 0.5xMIC,150,46.5625,31.5625,0.241833355060664,0.404329597949982,0.322147651006711,0.114093959731544,0.0456375838926175,1:150,16,0.182838522809558,FALSE
INH,0.5xMIC,INH 0.5xMIC,200,41.75,28,0.284549822911065,0.38055032491684,0.32934131736527,0.170658682634731,0.0449101796407186,1:200,18,0.162201303403331,FALSE
INH,1xMIC,INH 1xMIC,20,91.4375,53,0.288190200821445,0.897562503814697,0.420369104579631,0.0724538619275461,0.134654818865345,1:20,10,1,TRUE
INH,1xMIC,INH 1xMIC,50,83.25,42.6875,0.288304971155597,0.792403519153595,0.487237237237237,0.0630630630630631,0.165915915915916,1:50,12,0.805424528301887,FALSE
INH,1xMIC,INH 1xMIC,100,43.8125,30.1875,0.310639480414819,0.397750735282898,0.310984308131241,0.128388017118402,0.0741797432239658,1:100,17,0.569575471698113,FALSE
INH,1xMIC,INH 1xMIC,150,36.125,23.8125,0.235727939850197,0.332456827163696,0.34083044982699,0.176470588235294,0.0778546712802768,1:150,21,0.449292452830189,FALSE
INH,1xMIC,INH 1xMIC,200,46.5,31.1875,0.211001243234239,0.45367032289505,0.329301075268817,0.172043010752688,0.0524193548387097,1:200,17,0.588443396226415,FALSE
MOX,0.25xMIC,MOX 0.25xMIC,20,97.5,80.875,0.299562102792995,0.882738828659057,0.17051282051282,0.128205128205128,0.0205128205128205,1:20,7,1,TRUE
MOX,0.25xMIC,MOX 0.25xMIC,50,60.8125,49.6875,0.156488109440282,0.564716756343842,0.182939362795478,0.140801644398767,0.0164439876670093,1:50,11,0.614374034003091,FALSE
MOX,0.25xMIC,MOX 0.25xMIC,100,42.5625,32.5625,0.383666467911081,0.400149822235107,0.234948604992658,0.160058737151248,0.026431718061674,1:100,16,0.402627511591963,FALSE
MOX,0.25xMIC,MOX 0.25xMIC,150,38.375,28.375,0.415619521895431,0.386689603328705,0.260586319218241,0.201954397394137,0.0423452768729642,1:150,18,0.350850077279753,FALSE
MOX,0.25xMIC,MOX 0.25xMIC,200,42.875,30.75,0.192119210357654,0.464767217636108,0.282798833819242,0.243440233236152,0.0466472303206997,1:200,17,0.380216383307573,FALSE
MOX,0.5xMIC,MOX 0.5xMIC,20,85.3125,66.25,0.275951030246357,0.927750766277313,0.223443223443223,0.194871794871795,0.0461538461538462,1:20,8,1,TRUE
MOX,0.5xMIC,MOX 0.5xMIC,50,69.3125,52.5,0.44370547502531,0.702248513698578,0.242560865644725,0.181244364292155,0.0297565374211001,1:50,10,0.792452830188679,FALSE
MOX,0.5xMIC,MOX 0.5xMIC,100,43.4375,32.9375,0.436720395322093,0.443907082080841,0.241726618705036,0.169784172661871,0.0489208633093525,1:100,16,0.497169811320755,FALSE
MOX,0.5xMIC,MOX 0.5xMIC,150,38,28,0.34082080056516,0.420194864273071,0.263157894736842,0.235197368421053,0.0328947368421053,1:150,18,0.422641509433962,FALSE
MOX,0.5xMIC,MOX 0.5xMIC,200,34.1875,26.4375,0.36396451553232,0.389467179775238,0.226691042047532,0.290676416819013,0.0219378427787934,1:200,19,0.399056603773585,FALSE
MOX,1xMIC,MOX 1xMIC,20,96.0625,71.625,0.325625350452121,1.4664888381958,0.254391672088484,0.325959661678595,0.05530253741054,1:20,7,1,TRUE
MOX,1xMIC,MOX 1xMIC,50,94.875,62.125,0.202337685647026,1.31819993257523,0.345191040843215,0.312252964426877,0.100131752305665,1:50,9,0.867364746945899,FALSE
MOX,1xMIC,MOX 1xMIC,100,37.4375,25.6875,0.430259491317004,0.463302433490753,0.313856427378965,0.277128547579299,0.0634390651085142,1:100,20,0.358638743455497,FALSE
MOX,1xMIC,MOX 1xMIC,150,44.25,30.625,0.303700563657986,0.547458231449127,0.307909604519774,0.26271186440678,0.0932203389830508,1:150,17,0.427574171029668,FALSE
MOX,1xMIC,MOX 1xMIC,200,45.0625,33.625,0.262755775711836,0.530734658241272,0.253814147018031,0.249653259361997,0.0374479889042996,1:200,15,0.469458987783595,FALSE
RIF,0.25xMIC,RIF 0.25xMIC,20,36.625,30.125,0.369543310775906,0.326117873191834,0.177474402730375,0.110921501706485,0.0204778156996587,1:20,17,0.88929889298893,FALSE
RIF,0.25xMIC,RIF 0.25xMIC,50,39.0625,33.875,0.3371004202509,0.345017015933991,0.1328,0.1376,0.0112,1:50,15,1,TRUE
RIF,0.25xMIC,RIF 0.25xMIC,100,35.875,28.875,0.294447421649075,0.309199094772339,0.195121951219512,0.118466898954704,0.0104529616724739,1:100,18,0.85239852398524,FALSE
RIF,0.25xMIC,RIF 0.25xMIC,150,28.0625,21.875,0.279823513848967,0.243467092514038,0.220489977728285,0.10467706013363,0.0200445434298441,1:150,23,0.645756457564576,FALSE
RIF,0.25xMIC,RIF 0.25xMIC,200,25.5625,21.3125,0.598071531085952,0.236143171787262,0.166259168704156,0.117359413202934,0.0146699266503667,1:200,24,0.629151291512915,FALSE
RIF,0.5xMIC,RIF 0.5xMIC,20,58.75,46.875,0.288894073537454,0.527966022491455,0.202127659574468,0.152127659574468,0.0191489361702128,1:20,11,1,TRUE
RIF,0.5xMIC,RIF 0.5xMIC,50,46.3125,39.8125,0.263948660233185,0.424404442310333,0.140350877192982,0.164642375168691,0.00809716599190283,1:50,13,0.849333333333333,FALSE
RIF,0.5xMIC,RIF 0.5xMIC,100,34.4375,27.9375,0.155100403225789,0.327952206134796,0.188747731397459,0.197822141560799,0.0217785843920145,1:100,18,0.596,FALSE
RIF,0.5xMIC,RIF 0.5xMIC,150,30.25,23.5,0.294320097567995,0.285394489765167,0.223140495867769,0.119834710743802,0.012396694214876,1:150,22,0.501333333333333,FALSE
RIF,0.5xMIC,RIF 0.5xMIC,200,20.5,17,0.391866545206948,0.20279735326767,0.170731707317073,0.128048780487805,0.0182926829268293,1:200,30,0.362666666666667,FALSE
RIF,1xMIC,RIF 1xMIC,20,123.5625,87.8125,0.199007677347986,1.13960206508637,0.289327263530602,0.144663631765301,0.052604957005564,1:20,6,1,TRUE
RIF,1xMIC,RIF 1xMIC,50,37.3125,27.4375,0.509233300592483,0.34622848033905,0.26465661641541,0.130653266331658,0.050251256281407,1:50,19,0.312455516014235,FALSE
RIF,1xMIC,RIF 1xMIC,100,52.875,38.9375,0.239612618876774,0.490882992744446,0.263593380614657,0.130023640661939,0.0319148936170213,1:100,13,0.443416370106762,FALSE
RIF,1xMIC,RIF 1xMIC,150,32.5625,25.75,0.263456472708792,0.309298932552338,0.209213051823417,0.149712092130518,0.0287907869481766,1:150,20,0.293238434163701,FALSE
RIF,1xMIC,RIF 1xMIC,200,29.75,24.4375,0.454217033455028,0.295190513134003,0.178571428571429,0.123949579831933,0.00630252100840336,1:200,21,0.278291814946619,FALSE
